,state,Month,Maize,Rice,Sorghum,Beans,Millet
0,Abia,Apr,0.5486625421897193,0.550125962145073,0.5644317729589501,0.5794317729589501,0.5604824655613668
1,Abia,Aug,0.5303725373736508,0.5624610289616783,0.5360438185542697,0.5584122396069013,0.5398048826045441
2,Abia,Dec,0.5029081461210678,0.5235507675669895,0.5361110976686714,0.5521637292476188,0.5096524494080208
3,Abia,Feb,0.4754414749543642,0.5004746360566997,0.5124677254441121,0.5245729886020069,0.4857500048999177
4,Abia,Jan,0.48978430662520134,0.5123634726702675,0.5243970792515563,0.5396602371462932,0.4957855165465565
5,Abia,Jul,0.49538872304649817,0.5172048576953485,0.49001782060428856,0.51238624165692,0.5055873518022957
6,Abia,Jun,0.521577236644801,0.5532520102468815,0.5264701450945856,0.547259618778796,0.5331632418877936
7,Abia,Mar,0.5202745515003461,0.5329351458680248,0.5511273659185255,0.5627063132869465,0.5307262554729211
8,Abia,May,0.5416786360214433,0.5814537979478028,0.5564141721321917,0.574308908974297,0.5529026731256982
9,Abia,Nov,0.5915364856835656,0.6017746998475886,0.6213445044898865,0.6381866097530444,0.6020890164357333
10,Abia,Oct,0.5201482071959379,0.5465461356797958,0.5205746144050276,0.5413640880892381,0.5311594997952522
11,Abia,Sep,0.49618694798518453,0.515361734446725,0.4889850412331929,0.5108271464963507,0.5065287507680036
12,Adamawa,Apr,0.35063791804860533,0.38713212758101645,0.39705884008073283,0.3989009453438907,0.3570333606781677
13,Adamawa,Aug,1.5022722839459197,1.5297070980567193,1.5055183333125124,1.524728859628302,1.5096901101205518
14,Adamawa,Dec,0.42408987197988557,0.4485134297151102,0.45337549298027746,0.47284917719080377,0.4249227011793209
15,Adamawa,Feb,0.3582677862440836,0.3900826738798543,0.39150077566552804,0.4070270914550017,0.36094070417108504
16,Adamawa,Jan,0.39974612899361284,0.4251429148437097,0.42797911841505726,0.44850543420453093,0.39741904692061425
17,Adamawa,Jul,1.5307207873117412,1.539826650403921,1.5478247444751214,1.563351060264595,1.537991406388168
18,Adamawa,Jun,0.5014132897794891,0.510683083291851,0.5294425440566212,0.5404951756355685,0.5097093172043732
19,Adamawa,Mar,0.2875835426784841,0.32862860363060337,0.3308165320999286,0.3363428478894023,0.2891453494943744
20,Adamawa,May,0.4172030364823378,0.4483631968331377,0.46213904275111145,0.46608641117216415,0.4243667791723963
21,Adamawa,Nov,0.42277986438085036,0.44987429506456145,0.4562760116970317,0.47153916959176845,0.4278232198960752
22,Adamawa,Oct,0.5531655577473659,0.5658239164930177,0.5835299302170015,0.599319403901212,0.5597898771666037
23,Adamawa,Sep,0.5419155839714315,0.5714428539398156,0.5506056714730639,0.5700793556835902,0.5496449648950048
24,Akwa Ibom,Apr,0.5279802386607798,0.5629229329620449,0.5390988229627257,0.555151454541673,0.5408548101469665
25,Akwa Ibom,Aug,0.5026976365242245,0.5329683518571968,0.5046468333375979,0.5270152543902294,0.5130878361612481
26,Akwa Ibom,Dec,0.5555639425213261,0.5727676382823123,0.5890150330267461,0.6050676646056934,0.5649902381454438
27,Akwa Ibom,Feb,0.5057465491610279,0.5299005137535584,0.5439194628347905,0.5554984102032116,0.5184971037083157
28,Akwa Ibom,Jan,0.540582216493453,0.5581475529243746,0.5737061553729097,0.5889693132676466,0.5500317022768771
29,Akwa Ibom,Jul,0.43400200679371015,0.44100652958185776,0.4117125984092254,0.43487049314606746,0.4453268706775577
30,Akwa Ibom,Jun,0.4822679120574046,0.5065547800708761,0.4779496411941423,0.49926543066782647,0.495051739441958
31,Akwa Ibom,Mar,0.568114228377565,0.5747342675400272,0.5958842427435046,0.6093052953750836,0.579788961186599
32,Akwa Ibom,May,0.5233798073249729,0.5604312035249955,0.5338519243420815,0.5525361348683973,0.5359216504385038
33,Akwa Ibom,Nov,0.6050038973322253,0.6365481978295836,0.6310297560236188,0.6489244928657241,0.6166110761989322
34,Akwa Ibom,Oct,0.48065164277964906,0.4985701308907606,0.4712615422180714,0.49231417379701875,0.4921660610091308
35,Akwa Ibom,Sep,0.46992610762926473,0.4873896504804588,0.4589870975731071,0.4810923607310017,0.48134574868592944
36,Anambra,Apr,0.5260182833323621,0.5259480575984717,0.5466523436693088,0.5590207647219404,0.5379793641954393
37,Anambra,Aug,0.5474576647885727,0.5877589286019848,0.5621520620721041,0.5829415357563147,0.5569363903380786
38,Anambra,Dec,0.48001704548013313,0.5037749343026608,0.5157275064961969,0.5291485591277758,0.4882435024270983
39,Anambra,Feb,0.43587123628541435,0.4658450486551533,0.47605538151200444,0.48500274993305703,0.4478050939180016
40,Anambra,Jan,1.4434393020511107,1.4707949404217153,1.480559584145926,1.4931911630932944,1.4497732403451216
41,Anambra,Jul,1.523399626796031,1.5559554762368641,1.529781368992714,1.5505708426769245,1.5338362067516673
42,Anambra,Jun,0.5175858859317982,0.5487501612081732,0.5234674322293037,0.5421516427556196,0.5293614455204249
43,Anambra,Mar,0.49184800192860983,0.5086339563383598,0.5263399700623438,0.5350241805886595,0.5027040212873516
44,Anambra,May,0.547844486330578,0.5878948071021488,0.5670576246353971,0.5825839404248708,0.55971280655643
45,Anambra,Nov,0.5896834510807663,0.6026828456432969,0.6226983394182353,0.6376983394182352,0.6011202326899618
46,Anambra,Oct,0.536490149537008,0.5667910627023374,0.5424807463765012,0.561428114797554,0.5478109803496718
47,Anambra,Sep,1.5194004546609134,1.549532560820739,1.5239662114847348,1.5439662114847348,1.5300517956570823
48,Bauchi,Apr,0.38076487639405204,0.4127474193543306,0.4202836174153398,0.43002045952060297,0.3832885706872563
49,Bauchi,Aug,0.5146442105352491,0.5258305308987917,0.5007503878893041,0.5268030194682516,0.5175187820214359
50,Bauchi,Dec,0.48784056552002203,0.49799180182134406,0.5042314496783086,0.5365998707309402,0.4748208034712219
51,Bauchi,Feb,0.42510847879304153,0.44133566325214485,0.44360462610922285,0.47386778400395974,0.41208670020864957
52,Bauchi,Jan,0.4717229206057362,0.48203744887532196,0.48653485739560165,0.5204822258166543,0.4561663567823847
53,Bauchi,Jul,1.5576253302765761,1.5823517644084708,1.561514581941719,1.5846724766785614,1.5601379336240253
54,Bauchi,Jun,0.5438517314409499,0.5471658506076302,0.5655201394336364,0.5836780341704784,0.5469582045201997
55,Bauchi,Mar,0.3324132650459653,0.3625075990002073,0.36380414920425186,0.38117257025688345,0.32289925012360193
56,Bauchi,May,0.4300841115226759,0.4584711035479909,0.4695728146701227,0.47983597256485955,0.4330393444325368
57,Bauchi,Nov,0.46787692012495763,0.4828051079944997,0.48953096217798103,0.5166362253358758,0.45954560332721617
58,Bauchi,Oct,0.5539479433645218,0.5631932278363422,0.5781845895706078,0.6013424843074499,0.5518628455625456
59,Bauchi,Sep,0.5491053790568863,0.5684214155384546,0.5443136851820005,0.5695768430767373,0.5520031407023793
60,Bayelsa,Apr,0.476593377763947,0.508258205232579,0.48082806497826064,0.4979333281361554,0.4907141682458989
61,Bayelsa,Aug,0.5168507805982391,0.5583056935980674,0.5295790031397044,0.5522105820870729,0.5265946805780737
62,Bayelsa,Dec,0.5836368226325251,0.6282640350047101,0.6083279549297694,0.6256963759824011,0.5948124628825755
63,Bayelsa,Feb,0.5784546077318105,0.6248059019806463,0.6093753338647607,0.6241121759700239,0.5924533978104553
64,Bayelsa,Jan,0.5947774356584968,0.6000145520854291,0.6210024585134009,0.637581405881822,0.6054015534241755
65,Bayelsa,Jul,0.45995355745886374,0.48236517981363064,0.45270659389611073,0.4753381728434791,0.471996308013411
66,Bayelsa,Jun,0.42367778706140097,0.4331426523408879,0.4032004460662332,0.42504255132939106,0.43746786570628904
67,Bayelsa,Mar,0.5232410684125792,0.5724890790137034,0.5468416952899464,0.5615785373952096,0.5358988623226417
68,Bayelsa,May,0.46870588803656466,0.4952421434183174,0.46688010770484206,0.48582747612589466,0.4823255694239411
69,Bayelsa,Nov,0.5255608128640807,0.5685294563083454,0.5413829364111619,0.5598039890427408,0.5385573847535746
70,Bayelsa,Oct,0.42956066729843023,0.44137700142077585,0.412245139023649,0.4330346127078595,0.4421045269475531
71,Bayelsa,Sep,0.44895904785166224,0.4676456602109851,0.43839224623222905,0.4604975093901238,0.46076183067077897
72,Benue,Apr,0.478606584337702,0.49526141175437977,0.5128053567028581,0.5222790409133844,0.4867574211999726
73,Benue,Aug,1.5051771496028123,1.5371660776135416,1.5103031780734928,1.5313558096524402,1.5147758590200335
74,Benue,Dec,0.4036125796517212,0.42981522433923225,0.4376350427573762,0.45237188486263935,0.40286041187595995
75,Benue,Feb,0.3529204066580317,0.38560335598024914,0.39010076450052883,0.40167971186894985,0.3553261336191125
76,Benue,Jan,0.36601376849600914,0.3952594230569689,0.4013370021384279,0.4150212126647436,0.3626743855559002
77,Benue,Jul,1.4666462261011761,1.4862173191701316,1.4599216603443523,1.4799216603443524,1.4767228544536666
78,Benue,Jun,0.5410697697567884,0.5819937934802757,0.5583317522564619,0.5754370154143567,0.5515507134954454
79,Benue,Mar,0.39183921324450155,0.4242006859365116,0.43570756899740737,0.4409707268921442,0.39730402469842374
80,Benue,May,0.5452017079650222,0.5579285831237941,0.5782276972558672,0.5908592762032356,0.5538344968337456
81,Benue,Nov,0.49235869520006725,0.513562298372942,0.5268924551582754,0.5413661393688017,0.4989578079244068
82,Benue,Oct,0.5467723492767426,0.5686984164057682,0.5568722578571266,0.5755564683834423,0.5554827747657525
83,Benue,Sep,1.5104080839480167,1.5363402685677559,1.5105713332623698,1.531623964841317,1.520006793365238
84,Borno,Apr,0.2903324756802306,0.3327167857083927,0.3374978145858072,0.33933991984896505,0.2944290677350804
85,Borno,Aug,1.4964737916284832,1.5146949969757104,1.4911139901396495,1.5111139901396495,1.5027190023564527
86,Borno,Dec,0.4294885194199677,0.4463214231326197,0.45061624568351744,0.4782478246308859,0.4179488944955877
87,Borno,Feb,0.36996335089113863,0.3923049620473025,0.3931963403125831,0.4187226561020567,0.35765542590626265
88,Borno,Jan,0.42156897463294013,0.4368847260952842,0.4398019640543846,0.4703282798438582,0.4057936166978725
89,Borno,Jul,1.5164419658253376,1.5242248218547396,1.5430653170072626,1.5570126854283153,1.5212685437644382
90,Borno,Jun,0.4135025075125782,0.4429533205169702,0.454784341128877,0.4618896042867717,0.41980720604050725
91,Borno,Mar,0.26896226059477624,0.3058794605425365,0.3058794605425365,0.3177215658056944,0.2592274350251049
92,Borno,May,0.33248285454967175,0.37174774838027114,0.3791218776657747,0.3814902987184063,0.3379688396273084
93,Borno,Nov,0.39895478118451605,0.42208341963937385,0.4261351390270132,0.44771408639543425,0.39289307519540534
94,Borno,Oct,0.4372048670288413,0.46299657696794516,0.472761220692156,0.4867085891132086,0.43896631086832516
95,Borno,Sep,1.5718965936063136,1.5721989470311533,1.5932678878468778,1.6101099931100358,1.5784261358527343
96,Cross River,Apr,0.5194611964666461,0.5159625783117608,0.5368694503519797,0.5492378714046113,0.5318054190921755
97,Cross River,Aug,0.5179858400731479,0.5504906930000689,0.5243976201436716,0.5446607780384084,0.5287571649370317
98,Cross River,Dec,0.4657306844953393,0.49090334174442285,0.5023697076114422,0.5147381286640738,0.47443506037757355
99,Cross River,Feb,0.4291332370080042,0.45904103392691076,0.46933240117151465,0.4780166116978305,0.44037239812919793
100,Cross River,Jan,0.4433679466546543,0.4709002650067654,0.4810295634758637,0.49287166873902155,0.45068292951410177
101,Cross River,Jul,0.45987285673972933,0.4727066063819647,0.4460462928112978,0.46657260860077154,0.4711473072337806
102,Cross River,Jun,0.5220933694398114,0.5571112638074238,0.5314638800836667,0.5498849327152457,0.5343236578044012
103,Cross River,Mar,0.4828425760764845,0.5052545152347512,0.5215829443669378,0.5297408391037799,0.49345862769979565
104,Cross River,May,0.554739367573605,0.5996936301015025,0.5770542428511288,0.5925805586406026,0.566799258680683
105,Cross River,Nov,0.565882729797611,0.5821482711121237,0.6006646287136356,0.6151383129241619,0.5768879727901497
106,Cross River,Oct,0.5087344425209175,0.5328648452428767,0.5081493569782768,0.5270967253993294,0.5202468442148074
107,Cross River,Sep,0.5106678105433785,0.5365385193291702,0.5108911356054132,0.5308911356054132,0.5220854350644514
108,Delta,Apr,0.4092390905109269,0.4509786902410638,0.42059079483376877,0.436906584307453,0.42050950793379444
109,Delta,Aug,0.3718521929873327,0.4009358703330727,0.3699402170176318,0.3925717959650002,0.37757310446142023
110,Delta,Dec,0.48333746091151236,0.5426115512550874,0.5136417576334662,0.530483862896624,0.4923574246138717
111,Delta,Feb,0.4566319180021688,0.5178479080236122,0.48733846103468803,0.5036542505083723,0.4679023354250363
112,Delta,Jan,0.4930697098722033,0.5524353139235666,0.5233439687203161,0.5407123897729477,0.5013717869038629
113,Delta,Jul,1.339205464919163,1.3539801388189119,1.3228224167279654,1.3446645219911235,1.3468652753648174
114,Delta,Jun,0.356406771341122,0.36978776091005344,0.3388731419823653,0.3591362998771021,0.3669865253237798
115,Delta,Mar,0.4162190551890576,0.4728184800562692,0.44214696429183936,0.45741012218657623,0.42528539921002956
116,Delta,May,0.43363057041383346,0.4799816995036442,0.44951276970859644,0.466881190761228,0.44365678537652753
117,Delta,Nov,0.45681869773493533,0.5142675465783718,0.4837580995894476,0.5008633627473423,0.46710807059236625
118,Delta,Oct,0.44420399361514923,0.4874372489843213,0.4567252160260151,0.47646205813127823,0.45320278369379413
119,Delta,Sep,1.3864776793771394,1.416264760224779,1.3851070381338326,1.4069491433969905,1.39432906070402
120,Ebonyi,Apr,0.5309822853832007,0.5279724798988646,0.5492440066839712,0.5618755856313397,0.5434464918764452
121,Ebonyi,Aug,0.5285900909163797,0.5629209123585246,0.5365847363388689,0.5573742100230794,0.539218241753242
122,Ebonyi,Dec,0.4937836567206945,0.5159997820095596,0.5288437324683763,0.5427911008894291,0.5020585105218641
123,Ebonyi,Feb,0.46649591418102176,0.4929434359789938,0.5049770425602826,0.5155033583497562,0.47780867885131817
124,Ebonyi,Jan,0.46512146294601087,0.4903831160056037,0.5016063787093646,0.5145011155514699,0.4725332395138672
125,Ebonyi,Jul,1.4839827718779601,1.5033366677715327,1.4767168713947423,1.4975063450789527,1.4949940644772746
126,Ebonyi,Jun,0.5274194881323031,0.5625288962077037,0.5367599609023175,0.5557073293233702,0.5395066024698711
127,Ebonyi,Mar,0.503673588398017,0.5265088209536737,0.5434855251878825,0.5524328936089351,0.514458020743248
128,Ebonyi,May,1.5576650818751023,1.6056450546040897,1.581577841441512,1.5973673151257226,1.5698449568498956
129,Ebonyi,Nov,0.6042486865753921,0.6173547022293852,0.6379779539124694,0.653504269701943,0.615733865038792
130,Ebonyi,Oct,0.5356829151246132,0.5718563380075891,0.5457227479573152,0.5654595900625784,0.5471721266591967
131,Ebonyi,Sep,1.5224950281277612,1.5546430992857976,1.5280233029090071,1.5485496186984808,1.5339610495030385
132,Edo,Apr,1.5669037447298604,1.6042091694420253,1.5914819085015726,1.6064819085015727,1.578915238982734
133,Edo,Aug,0.5430561101798794,0.5795684756483658,0.5525435073328114,0.5754382441749166,0.5521537105025252
134,Edo,Dec,0.5224024780604893,0.5428931023200214,0.5561017075237257,0.5721543391026731,0.5306793483972508
135,Edo,Feb,0.4967588424517474,0.521968771982343,0.5350558256044181,0.5466347729728392,0.5093178261178091
136,Edo,Jan,0.48800715198013117,0.5109233643467693,0.5219845582750248,0.5375108740644984,0.4947030584128797
137,Edo,Jul,1.4894114838081967,1.5129039307896532,1.4847849982394363,1.507153419292068,1.4999932543264465
138,Edo,Jun,1.4729719173382168,1.489494699398905,1.462510248277227,1.482773406171964,1.4843179548457788
139,Edo,Mar,0.5377976153699799,0.5496850496948895,0.5695789918881986,0.5801053076776723,0.5500682344464066
140,Edo,May,0.5577995780792724,0.6037192560143729,0.5789227333620202,0.5957648386251782,0.5695015341187964
141,Edo,Nov,0.5888257190336317,0.6028635417000281,0.6218255884341802,0.6370887463289171,0.6009571971542205
142,Edo,Oct,0.5493635466967418,0.5872184061536354,0.561125333297238,0.581125333297238,0.5607811712178146
143,Edo,Sep,1.5023176933132887,1.525837340987141,1.4988528898654632,1.520431837233884,1.5131142248720706
144,Ekiti,Apr,0.5025685151050434,0.5203680724328834,0.5387223612588896,0.5487223612588896,0.5105761779402925
145,Ekiti,Aug,0.5351835174604105,0.5740314289262426,0.5481409420392274,0.5689304157234378,0.5437043886037862
146,Ekiti,Dec,0.4518239866353143,0.4772760439088135,0.4871622392146535,0.5005832918462325,0.45851787653247106
147,Ekiti,Feb,0.42573297821941125,0.4553558600766624,0.4642291255355926,0.47449228343032945,0.43539319197218396
148,Ekiti,Jan,0.40923165801492306,0.4385976409647537,0.4461338390257628,0.45823910218365754,0.41436777416737314
149,Ekiti,Jul,0.5313556466045504,0.5692836674731939,0.5440009384943244,0.5637377805995876,0.5401628658019693
150,Ekiti,Jun,0.5675608509071748,0.6076949920916126,0.5931655263675379,0.609744473735959,0.5774186851479493
151,Ekiti,Mar,0.43730930722389166,0.4661516353050524,0.48037317035566646,0.48668895982935073,0.443828766792353
152,Ekiti,May,0.5549688686805059,0.569602339011335,0.5901040391127901,0.6027356180601585,0.5632185157867773
153,Ekiti,Nov,0.5200882527129156,0.5406223028595312,0.5559378021448078,0.5690956968816501,0.5299188637231999
154,Ekiti,Oct,0.5849206912589361,0.6238631124485978,0.6093336467245232,0.6272283835666284,0.5940374486697043
155,Ekiti,Sep,0.5424984924042258,0.5792163525353013,0.5541362095258138,0.5741362095258138,0.552191978994264
156,Enugu,Apr,0.5305255569347697,0.5363657130958007,0.5425616023833788,0.5599300234360104,0.5374866377978469
157,Enugu,Aug,0.5012591404032136,0.5288732747095347,0.5007948593531941,0.5263211751426677,0.5075335908972649
158,Enugu,Dec,0.44819001102955724,0.4706082430451225,0.4804944383509625,0.49707338571938353,0.44923558473393316
159,Enugu,Feb,0.43188256112679524,0.45794530193663874,0.46681856739556893,0.4807659358166215,0.437092280828348
160,Enugu,Jan,0.4214888887181374,0.4466820253646101,0.4553121876602819,0.47136481923922924,0.41961250234991804
161,Enugu,Jul,0.47289671211746387,0.4921601035935853,0.4635144475229752,0.4887776054177121,0.4802006040311562
162,Enugu,Jun,0.49111485090811907,0.5146609007475199,0.48731179488095433,0.5104696896177965,0.4993745806923497
163,Enugu,Mar,0.5090525541131775,0.5225374819310447,0.5404055644305341,0.55408977495685,0.5137591481845629
164,Enugu,May,0.5452099778218402,0.5868935427374418,0.5614082277891903,0.581934543578664,0.5528445815725963
165,Enugu,Nov,0.5735753153851517,0.5847112552485253,0.6027819237173968,0.6214661342437126,0.5801784611806751
166,Enugu,Oct,0.5276547174713092,0.5527043891571165,0.5273406257904943,0.5502353626325995,0.5350281798629205
167,Enugu,Sep,1.4886932514222575,1.5084826394036868,1.4810930163432448,1.5055667005537712,1.496020333495256
168,FederalCapitalTerritory,Apr,0.5318717432138134,0.5475288535489999,0.5649917641097255,0.5781496588465678,0.5392119327681589
169,FederalCapitalTerritory,Aug,0.524820985502494,0.5492344038832387,0.5216421948534148,0.5469053527481517,0.5315501647725082
170,FederalCapitalTerritory,Dec,0.41642999887352067,0.441054919385369,0.4472945672423336,0.4651893040844388,0.4155850704605342
171,FederalCapitalTerritory,Feb,0.37188418648880217,0.4026849210849048,0.4066961232786677,0.4206434916997204,0.37460348473441624
172,FederalCapitalTerritory,Jan,0.4018935115418074,0.42813830434687256,0.4338107114895676,0.4506528167527255,0.4007602185391859
173,FederalCapitalTerritory,Jul,0.5667322132611894,0.6053342013173094,0.5782687158078786,0.6022160842289314,0.5740108984799834
174,FederalCapitalTerritory,Jun,0.5500920018390615,0.5846250899664226,0.5593423609875532,0.5798686767770268,0.5583013182334958
175,FederalCapitalTerritory,Mar,0.4322751381108918,0.4612364283646403,0.4719329675480082,0.4814066517585345,0.4377439826359977
176,FederalCapitalTerritory,May,0.5909166870119619,0.6041568448578987,0.6166604508881537,0.6329762403618379,0.5981641159290823
177,FederalCapitalTerritory,Nov,0.46124337249199443,0.48365949434120015,0.4928974145450179,0.5100026777029126,0.4644446227440614
178,FederalCapitalTerritory,Oct,0.597193576609153,0.5918700506672205,0.6124933023503047,0.6335459339292522,0.6023861557581748
179,FederalCapitalTerritory,Sep,0.47598057962098594,0.4792972392395341,0.45219123653622695,0.47771755232570057,0.48321288452116745
180,Gombe,Apr,0.35822488655619733,0.39164899090450844,0.400360187587933,0.4077286086405646,0.35890244251506
181,Gombe,Aug,1.499983985898482,1.5151275323697724,1.489966354972532,1.5154926707620056,1.5030017314116904
182,Gombe,Dec,0.4109571839379416,0.42827547851527153,0.43313754178043873,0.4597164891488598,0.39702191473044013
183,Gombe,Feb,0.35856946908291004,0.3815986493422142,0.3833814058727755,0.40732877429382813,0.34554164089174244
184,Gombe,Jan,0.40038364475847793,0.41705529515746326,0.4204587394430803,0.44914294996939613,0.3831936871057254
185,Gombe,Jul,1.536348016585251,1.5535797202541621,1.5426546640973315,1.5647599272552264,1.5383806844618393
186,Gombe,Jun,0.5086369474450838,0.512453905863888,0.5307676774960177,0.5473466248644387,0.5108319464368161
187,Gombe,Mar,0.28783159364556676,0.3225817353173191,0.32395931990911647,0.3365908988564849,0.277690436154137
188,Gombe,May,0.39372548297223253,0.4238275851535988,0.4353344682144945,0.4432292050565998,0.39406829402284754
189,Gombe,Nov,0.3946409615357123,0.41661465609963316,0.42208447727294623,0.4434002667466304,0.3855857084604955
190,Gombe,Oct,0.5258583466394405,0.5362004155923773,0.551515914877654,0.571515914877654,0.5252070056432719
191,Gombe,Sep,0.5138328855785262,0.5273773245681722,0.5037963177321112,0.5274805282584271,0.5173517401863101
192,Imo,Apr,0.5361577100849302,0.5546119599133834,0.5472913133237967,0.5630807870080071,0.5485291559409495
193,Imo,Aug,0.5240732614496109,0.5538198596062227,0.526875925678421,0.5495075046257896,0.5336255905482195
194,Imo,Dec,0.5239448961146626,0.5439873133442752,0.5575200560989906,0.573572687677938,0.5322217664514239
195,Imo,Feb,0.49205303631087954,0.5168276675821168,0.5295905836531808,0.5414326889163387,0.5039657203197523
196,Imo,Jan,0.5005427269164904,0.5206355560355883,0.5331553689433939,0.5486816847328675,0.5080049168741432
197,Imo,Jul,0.4885179626432421,0.5094760018130169,0.4815191380383055,0.5041507169856738,0.49902814614798097
198,Imo,Jun,0.515977360545366,0.5447784814010798,0.5177535130855254,0.5388061446644727,0.5276833496560739
199,Imo,Mar,0.5346710182939902,0.542635093921784,0.5618807610130708,0.5742491820657024,0.5458658156321632
200,Imo,May,0.5293584421881896,0.5650372011442192,0.5393493002265858,0.5577703528581648,0.540822447027875
201,Imo,Nov,0.611408617676485,0.6178213173502592,0.6385661206149728,0.6561976995623411,0.6223211000317985
202,Imo,Oct,0.49961756110328864,0.519437697038653,0.4928179006618625,0.5141336901355467,0.5104856796755814
203,Imo,Sep,0.5017755219752383,0.5210163238876111,0.49455859628632626,0.516663859444221,0.5122373086257728
204,Jigawa,Apr,0.28956327934400017,0.3302023528955166,0.33384890034439196,0.33832258455491826,0.29102829245148154
205,Jigawa,Aug,1.4785205035329319,1.500121622684521,1.4765406158484602,1.4960143000589865,1.48261003771321
206,Jigawa,Dec,0.409165742707422,0.4243186099324217,0.42845136370781384,0.4579250479183401,0.39214416577658917
207,Jigawa,Feb,0.36126593034776777,0.3808949281688103,0.3818673408218438,0.41002523555868586,0.34326129231590646
208,Jigawa,Jan,0.4142108413296839,0.4265307668306915,0.4292859360142863,0.4629701465406021,0.3929787380830616
209,Jigawa,Jul,1.5025935564904427,1.516045113075351,1.5348450910339975,1.5480029857708397,1.5045697613704587
210,Jigawa,Jun,0.3775928356025034,0.41083822131471076,0.4218183808552134,0.42734469664468705,0.37992092594329796
211,Jigawa,Mar,0.2679293842289152,0.3024171834677696,0.3027413210187807,0.31668868943983336,0.25398201580786256
212,Jigawa,May,0.28031256472707927,0.3223677014096723,0.32722976467483955,0.3290718699379974,0.28115245180108606
213,Jigawa,Nov,0.3965363625813486,0.41630452032998233,0.4205588256870036,0.44529566779226676,0.38444319863700505
214,Jigawa,Oct,0.4152103442590742,0.4390283257642749,0.4484283147435982,0.4642177884278087,0.41072355256720083
215,Jigawa,Sep,1.5610483576746517,1.5627154753674815,1.583784416183206,1.600626521446364,1.5656621911088118
216,Kaduna,Apr,0.4520549864823759,0.47730835883504646,0.4899497233244811,0.5020549864823758,0.4539343976539831
217,Kaduna,Aug,1.5414435171479126,1.5686944852423652,1.541588482539058,1.5694832193811634,1.5447748339456542
218,Kaduna,Dec,0.4152188812684815,0.4304920768823521,0.43608344963729434,0.4639781864793996,0.3992015390623915
219,Kaduna,Feb,0.34177201242418415,0.36581330706855936,0.36763658079299705,0.39053131763510235,0.32749796523725133
220,Kaduna,Jan,0.3895537947910046,0.40644767815993094,0.4104183631598175,0.43831310000192275,0.37104603112897594
221,Kaduna,Jul,1.545606837445698,1.5761549655863285,1.5505075818625715,1.5755075818625714,1.5489593278671538
222,Kaduna,Jun,0.5736930262790596,0.5717981489863797,0.5879061645838787,0.6084324803733524,0.5759636453554862
223,Kaduna,Mar,0.3369292224503535,0.36746679915171926,0.3714780013454822,0.3856885276612717,0.3286573934525717
224,Kaduna,May,0.4977456896279625,0.5172037201050345,0.5332080116862098,0.5466290643177888,0.49907559485078967
225,Kaduna,Nov,0.4405540591052742,0.45693923503068873,0.4643133643161923,0.4893133643161923,0.4304965878409064
226,Kaduna,Oct,0.5695434002371337,0.5742163238947308,0.5909904421595576,0.6152009684753471,0.5665972417374361
227,Kaduna,Sep,0.5363323138790528,0.5543399376852668,0.5291382430941501,0.5551908746730975,0.5397815980089177
228,Kano,Apr,1.3618947913581956,1.3951859778312408,1.4018307976269693,1.4107781660480219,1.363483821404576
229,Kano,Aug,1.5093093201913934,1.5282942870634542,1.5041865567070003,1.526554977759632,1.5137608225104096
230,Kano,Dec,0.4795578449514729,0.48881892618027256,0.49436978174133844,0.528317150162391,0.4645759937717996
231,Kano,Feb,0.442575408178978,0.4556643449017982,0.45870313444252775,0.4913347133898961,0.4273767794231805
232,Kano,Jan,0.4826209283369286,0.49002025730201126,0.49480128617942565,0.5313802335478467,0.4644327855662087
233,Kano,Jul,1.5504112631062341,1.5495418628210225,1.5701245973102305,1.587756176257599,1.5540440519749574
234,Kano,Jun,0.4598124080244168,0.4767073414643921,0.4911314624843881,0.5032367256422828,0.4632243862458324
235,Kano,Mar,0.34570368718547534,0.3740365425333928,0.37577878187007774,0.39446299239639354,0.335640166314332
236,Kano,May,0.3685388603506316,0.4025452243501327,0.41068918031928775,0.4177944434771825,0.37062899949158745
237,Kano,Nov,0.46084274269488984,0.4756501944446417,0.4814441531689659,0.509602047905808,0.4516503651994271
238,Kano,Oct,0.4984108389357705,0.5163571776230031,0.5281476810410337,0.5484108389357705,0.4961553438762827
239,Kano,Sep,0.5702367936516991,0.5584988386412995,0.5800134685896644,0.6000134685896643,0.57494943732986
240,Katsina,Apr,0.33129144658629295,0.3674405937976043,0.37266731180765905,0.3802988907550275,0.33208898641287093
241,Katsina,Aug,0.4751159639421352,0.4891029895427159,0.46402284653322834,0.4866544254805968,0.47853802484151
242,Katsina,Dec,0.4552498470523157,0.4658271254857189,0.47085125752639173,0.5040091522632338,0.4385670481009142
243,Katsina,Feb,0.40123292524262877,0.4173794830448987,0.4192027567693364,0.4499922304535469,0.38442812588792014
244,Katsina,Jan,0.4556689617590122,0.46416225495875757,0.4678493196015094,0.5044282669699305,0.43499039753235363
245,Katsina,Jul,1.546326182048647,1.5486921636264914,1.569558518472834,1.586400623735992,1.5486411649080944
246,Katsina,Jun,0.4556844575279669,0.476196964410085,0.49066160262395747,0.5017142342029048,0.4584249293972953
247,Katsina,Mar,0.30696481373390694,0.33855746839973666,0.33940832947114086,0.35572411894482514,0.29562986717210016
248,Katsina,May,0.35347724396647817,0.3887162528855511,0.3962929681404367,0.40260875761412085,0.35520743150428824
249,Katsina,Nov,0.4452789614969766,0.4604915851854923,0.46588037197105264,0.4940382667078947,0.43436244607047925
250,Katsina,Oct,0.4823799523902424,0.499721370350774,0.5109851502484114,0.531511466037885,0.4783287323862093
251,Katsina,Sep,0.5950864078758686,0.6128789243663095,0.6163715064784545,0.6368978222679282,0.5988895940021037
252,Kebbi,Apr,0.31659048252249733,0.3592417630471961,0.36584606564904826,0.36584606564904826,0.3255943139401219
253,Kebbi,Aug,1.4994476542474666,1.519355002443081,1.4994189223681404,1.5173136592102456,1.5076065572521045
254,Kebbi,Dec,0.3654846196452045,0.3904361240935805,0.3931912932771753,0.4142439248561226,0.35669252446472455
255,Kebbi,Feb,0.30999793390689606,0.34179358227302714,0.34191513385465633,0.3587572391178142,0.3035006562299451
256,Kebbi,Jan,0.35266711497698144,0.3767898517400289,0.3780053675563207,0.40142642018789965,0.3399740316940616
257,Kebbi,Jul,0.5163764651697521,0.5151825566115241,0.5357247739068555,0.5488826686436976,0.524291367367776
258,Kebbi,Jun,1.4579629316396754,1.4788119717307013,1.4946541945363712,1.5017594576942659,1.466374909861091
259,Kebbi,Mar,0.2620923966368751,0.30437343586768406,0.30506222816358275,0.31085170184779326,0.261475336745768
260,Kebbi,May,0.3611109079196577,0.40059438207691433,0.41072368054601266,0.4109868384407495,0.37004315232377144
261,Kebbi,Nov,0.3780550702212842,0.4056573928866683,0.4097091122743076,0.42681437543220235,0.3762754775614738
262,Kebbi,Oct,0.4823845362480817,0.5054110938612283,0.5181740099322922,0.5323845362480817,0.4857985310050892
263,Kebbi,Sep,0.5815075509096221,0.6031083474052868,0.606600929517432,0.6234430347805899,0.5893780893246252
264,Kogi,Apr,0.5047906882220755,0.5254612919522497,0.54320782287011,0.5526815070806363,0.5138993794904764
265,Kogi,Aug,0.5532613682070309,0.5941775358895064,0.5688542897167606,0.5891174476114974,0.5625001260211063
266,Kogi,Dec,0.45744895316879847,0.4825167086968511,0.49199773206392716,0.5062082583797166,0.464694365550327
267,Kogi,Feb,0.4391594595470892,0.4672439112297957,0.47607665949484945,0.48791876475800733,0.44839015121879716
268,Kogi,Jan,0.4254930522954812,0.453583762965504,0.46107944383263677,0.4745004964642157,0.4316122295489598
269,Kogi,Jul,0.5508531556102005,0.5916544214942914,0.5671415191990734,0.586088887620126,0.5606414193730559
270,Kogi,Jun,0.5774037606190786,0.6118629732266881,0.6045423266371014,0.6203318003213119,0.5882426394252895
271,Kogi,Mar,0.431791507538075,0.46151725246176,0.475009478022599,0.48079895170680953,0.4394119955396883
272,Kogi,May,0.5459549355025942,0.5616284479259757,0.5815223901192849,0.5931013374877059,0.555065643306587
273,Kogi,Nov,0.5141709986307116,0.5354523028322212,0.5496333206889589,0.5630543733205379,0.5241215935087111
274,Kogi,Oct,0.6025799038623278,0.6213821232298115,0.6293802173010115,0.646748638353643,0.6118398353001178
275,Kogi,Sep,0.5566046982630379,0.5937453556138307,0.5691109017369834,0.5891109017369834,0.5666813266155284
276,Kwara,Apr,0.46926793623400714,0.48800061221376245,0.5038428350194323,0.5154217823878533,0.47339780112612256
277,Kwara,Aug,0.5212511278609848,0.5512719478567956,0.5252193921942746,0.5491667606153272,0.5269972460299704
278,Kwara,Dec,0.44322440224671766,0.46521611288751985,0.47356265482605686,0.4919837074576358,0.4426194415691617
279,Kwara,Feb,0.4052475115167432,0.4331919878100197,0.43979629041187185,0.4540068167276613,0.40866150627375064
280,Kwara,Jan,0.39839450898638973,0.42413344846437917,0.4295222352499395,0.44715381419730793,0.39532231701220144
281,Kwara,Jul,0.5712418182293275,0.6156045882381775,0.591861512626611,0.6131773021002952,0.5767459521272907
282,Kwara,Jun,0.5662587549119219,0.5762834189686967,0.5851826154317078,0.6036036680632867,0.5729334877209561
283,Kwara,Mar,0.4103635858678136,0.44020504805172195,0.4518334826942469,0.45999137743108903,0.41350837312330857
284,Kwara,May,0.5223040734643725,0.5348800861827596,0.5535179953659006,0.5674653637869531,0.5271306514034731
285,Kwara,Nov,0.48863573375249547,0.5089879966112841,0.520413845284427,0.5375191084423218,0.49356112193559687
286,Kwara,Oct,0.6116214529850357,0.6122984072882114,0.6336509684610707,0.6541772842505444,0.6169572061610793
287,Kwara,Sep,1.5369367350921341,1.5698566176445143,1.5432773384616,1.566961548987916,1.5448617199681172
288,Lagos,Apr,0.5537072607909567,0.603699397159784,0.5810600099094104,0.5952705362251999,0.5661250869655886
289,Lagos,Aug,0.5083018671401889,0.5440935231099883,0.515123729488367,0.5390710979094195,0.5165384067651132
290,Lagos,Dec,0.5487392832551593,0.5638008343726669,0.5804534010558645,0.596506032634812,0.557782437116825
291,Lagos,Feb,0.5663340255073165,0.5825356615373566,0.6017813286286434,0.6154655391549592,0.5781287421840658
292,Lagos,Jan,0.5003040315906778,0.5219232860223519,0.5348077536750451,0.5498077536750451,0.5081009664565781
293,Lagos,Jul,0.5134398730226288,0.5533578813898454,0.5243070533804715,0.5469386323278398,0.5233753438836896
294,Lagos,Jun,1.471647722664538,1.4945209400624668,1.4666451106755083,1.486908268570245,1.48395161457823
295,Lagos,Mar,0.5502282285983375,0.58762341834552,0.583006078931366,0.5956376578787346,0.5605851553980955
296,Lagos,May,0.5183982793575274,0.559656246880881,0.5339683459632476,0.5502841354369319,0.5302434094240731
297,Lagos,Nov,0.577467579980234,0.6308306111879871,0.6070875355764205,0.622877009260631,0.5900305967174794
298,Lagos,Oct,0.5322284935515117,0.5746787826290592,0.5473701939563701,0.5668438781668964,0.543406150337154
299,Lagos,Sep,1.479987213087625,1.5098430041768833,1.4801844182593633,1.5028159972067319,1.490880538354816
300,Nasarawa,Apr,0.4833047496318163,0.5025765447898616,0.5195937662179466,0.527225345165315,0.49368083351969705
301,Nasarawa,Aug,0.5163684071267728,0.5445112697381018,0.518377679687828,0.5396934691615123,0.525129246005579
302,Nasarawa,Dec,0.45739384022571605,0.4798517024615565,0.48746893491031845,0.5061531454366343,0.45978242663426616
303,Nasarawa,Feb,0.4003991675253926,0.4300052564985207,0.4344216306310476,0.44915847273631077,0.4057772679488651
304,Nasarawa,Jan,0.4300592768624946,0.45614411105841385,0.46262686207863674,0.47894265155232096,0.43347528815509395
305,Nasarawa,Jul,0.5247456719365242,0.5580960308561258,0.532165026775234,0.5521650267752339,0.5340560167641104
306,Nasarawa,Jun,0.5573684130945942,0.591331696373076,0.5759011282571905,0.5924800756256116,0.5674178182165945
307,Nasarawa,Mar,0.38725922035392674,0.42245104536088746,0.4319320687279636,0.436142595043753,0.3960755139615088
308,Nasarawa,May,0.5416971986738522,0.5553901390515877,0.5753245984387733,0.5861140721229838,0.5515973801620556
309,Nasarawa,Nov,0.49553843380265145,0.5164955289413875,0.5277187916451486,0.5442977390135697,0.5015648504189048
310,Nasarawa,Oct,0.6051716777099773,0.6080394691756855,0.6293515131546684,0.6469830921020369,0.6132105968469
311,Nasarawa,Sep,1.5263238210134307,1.5529649411073003,1.527479626159049,1.5485322577379963,1.536114101311878
312,Niger,Apr,0.4895214980925489,0.5136537770299231,0.5295365170294694,0.5392733591347325,0.49625975177272635
313,Niger,Aug,0.5417447753696077,0.5783256741862055,0.5513412230645275,0.5744991178013695,0.54847193810403
314,Niger,Dec,0.39758182805358827,0.4217209499698393,0.42792008063292747,0.4463411332645064,0.39218759534538095
315,Niger,Feb,0.34275134236472493,0.374119317675097,0.3775632791545904,0.391510647575643,0.34068136857968756
316,Niger,Jan,0.3823857228154946,0.4071935822961658,0.41246081750009694,0.4311450280264127,0.37481262340029
317,Niger,Jul,0.5346812648679427,0.5707795930663162,0.5446460030160425,0.5656986345949898,0.5419811237104513
318,Niger,Jun,0.5571991628121991,0.5973010365436884,0.5755627516851258,0.5929311727377574,0.5651180980814066
319,Niger,Mar,0.41023741174949924,0.4407705034107512,0.45057566432883844,0.45899671696041733,0.415034749922518
320,Niger,May,0.5443853663349951,0.5600363061296192,0.5795655935780408,0.5914076988411987,0.5513172074319905
321,Niger,Nov,0.439852373076448,0.4625926324766648,0.47150641512947133,0.48861167828736607,0.43979691834767204
322,Niger,Oct,0.6046585134890954,0.6086371843903251,0.6289362985223983,0.6491994564171351,0.6087248575100674
323,Niger,Sep,1.505287150034808,1.525463357658963,1.498600458118914,1.5222846686452298,1.5130205640295649
324,Ogun,Apr,0.5680338083099998,0.6178953741317617,0.5942738501018243,0.6105896395755085,0.5785379422079631
325,Ogun,Aug,0.500090048939499,0.5275753972565197,0.4979978457267526,0.5237873194109631,0.5082086212323
326,Ogun,Dec,0.5273660531619122,0.5459076317826581,0.5597645120883847,0.5768697752462795,0.533824008394822
327,Ogun,Feb,0.4956601324083431,0.5192630984162828,0.5322691176506051,0.5451638544927103,0.5059454721945903
328,Ogun,Jan,0.44943568128825023,0.474589914729533,0.48370628335172156,0.4984431254569847,0.4544306399492706
329,Ogun,Jul,1.524321210785629,1.5603689671360015,1.5312371047388744,1.5557107889494008,1.5331808599084362
330,Ogun,Jun,1.4939999552597156,1.5202829104334266,1.4918398403321984,1.5144714192795667,1.5037438552395503
331,Ogun,Mar,1.5498932425036016,1.5626706179986123,1.5826861117735507,1.5950545328261823,1.559555472791966
332,Ogun,May,0.5402989842867039,0.5827205301949311,0.5571136636650504,0.5755347162966294,0.5502304220765808
333,Ogun,Nov,0.6085907470092147,0.6186319071760868,0.6388499869204071,0.6564815658677755,0.618353804077172
334,Ogun,Oct,0.5630465713341274,0.6055363482412913,0.5786734487012425,0.6005155539644004,0.5726220905920423
335,Ogun,Sep,0.47179695176860237,0.490733103172007,0.4613581376116218,0.48556866392741127,0.4813029005485983
336,Ondo,Apr,0.5683749230830238,0.5691050210753849,0.5901334446972331,0.6067123920656541,0.5768917611552158
337,Ondo,Aug,0.5162138119307795,0.5425392690090589,0.5148660255914823,0.5406554992756927,0.5229913880549981
338,Ondo,Dec,0.4992402406522963,0.5184434108765449,0.5304770174578337,0.5483717542999389,0.502801442507509
339,Ondo,Feb,0.4620411155665661,0.48697692863970765,0.49734933027206435,0.511296698693117,0.46935811496160545
340,Ondo,Jan,0.4355144898348568,0.46012024258882783,0.4683452329457357,0.4843978645246831,0.4370863793287063
341,Ondo,Jul,0.5172488834710909,0.5456195279595831,0.5179462845420064,0.5426831266472696,0.5248875202930308
342,Ondo,Jun,0.5129377555613118,0.5369692847121441,0.5109167290496233,0.5332851501022547,0.521220675504849
343,Ondo,Mar,0.5048624529698009,0.5177569828202144,0.5348957558299289,0.5477904926720342,0.5120826586564313
344,Ondo,May,0.5523546862432918,0.5881631030073003,0.5664248181487378,0.5851090286750535,0.5604903990886235
345,Ondo,Nov,0.5685402122275434,0.582205435661287,0.5991416227016195,0.6172995174384616,0.5760528155749925
346,Ondo,Oct,0.5741194529803937,0.608995296295065,0.5846444627753525,0.6067497259332473,0.5818992472937633
347,Ondo,Sep,0.5178440894747,0.5427658790797993,0.5155788419887394,0.5400525261992657,0.5259374550726028
348,Osun,Apr,0.5861862837505564,0.5914556084860229,0.6120691360425767,0.628121767621524,0.595612579374674
349,Osun,Aug,0.5135892049592374,0.537463310333194,0.5097900669156173,0.5350532248103541,0.521659380397834
350,Osun,Dec,0.494464017258747,0.5157352668061319,0.52687749512214,0.543719600385298,0.5006104177427155
351,Osun,Feb,0.47451344134999485,0.4994868459888143,0.5102239023660585,0.5236449549976375,0.4842724653467684
352,Osun,Jan,0.4320759225664468,0.4582384577910009,0.4655720698826281,0.4808352277773649,0.4363529945567674
353,Osun,Jul,1.5513744598573962,1.585355431589153,1.5588166696001151,1.5827640380211678,1.5596109994823204
354,Osun,Jun,0.5349849541075247,0.56595389475718,0.5399418562885355,0.5617839615516934,0.5443689024842134
355,Osun,Mar,0.5247094246308112,0.5414797384703001,0.5591452350004076,0.5709873402635655,0.5337485454212931
356,Osun,May,0.5595326629363854,0.6016498067409141,0.5778662139354712,0.5957609507775764,0.5688409912283797
357,Osun,Nov,0.5690308949219633,0.5837437141400963,0.6004367980171703,0.617542061175065,0.57855398425449
358,Osun,Oct,0.5836941296192532,0.6221345281425494,0.597986280592219,0.6193020700659032,0.5924549684980593
359,Osun,Sep,0.5194086722180183,0.5441298975733417,0.517064412063911,0.5407486225902267,0.5288662241438099
360,Oyo,Apr,0.5349136526363131,0.547101941803382,0.5655372650171411,0.5789583176487201,0.5433316804645042
361,Oyo,Aug,0.5100611729532604,0.530936740640103,0.5040738411000542,0.5285475253105805,0.5179629676699371
362,Oyo,Dec,0.47996138374343816,0.5012054325984269,0.5112131794858961,0.5288447584332645,0.4841688852558399
363,Oyo,Feb,0.44755551437165175,0.47448876325345857,0.4832809943246359,0.49643888906147804,0.45642827097580574
364,Oyo,Jan,0.4126660269591904,0.43984189976157384,0.44563585848589804,0.4614253321701086,0.4152673578726811
365,Oyo,Jul,0.5792143926639685,0.621896949291659,0.5965331859250367,0.6191647648724051,0.5872341547127686
366,Oyo,Jun,0.5616949675115454,0.5971338142727759,0.5734717730489621,0.5932086151542253,0.5710768993526424
367,Oyo,Mar,0.4718867419658714,0.49405176535907996,0.5088000239300872,0.5185368660353503,0.479199708289727
368,Oyo,May,1.5760657947241514,1.5811323847751486,1.6022418427847496,1.6175050006794864,1.5851321387451234
369,Oyo,Nov,0.5505815160589421,0.5684013388817502,0.5833521834221393,0.6004574465800341,0.5589551801041125
370,Oyo,Oct,0.6244265984535926,0.639450575689693,0.6474486697608931,0.6679749855503667,0.6326359148480268
371,Oyo,Sep,0.5412682263193139,0.5699288216640196,0.5439167831953751,0.5670746779322172,0.5506773813909009
372,Plateau,Apr,0.48966961144583915,0.5039348822763072,0.5201012426329882,0.530364400527725,0.5000961087235161
373,Plateau,Aug,1.4663941780224963,1.4690661982473148,1.4429731253909175,1.4663941780224963,1.4747738916744422
374,Plateau,Dec,0.44967207542668036,0.47178656084187,0.4784313806375985,0.4984313806375985,0.4501701597178681
375,Plateau,Feb,0.39119972076250187,0.42028030940799516,0.42364323649973584,0.43995902597342007,0.3944241611738752
376,Plateau,Jan,0.43713896493761917,0.46083280545214933,0.46695090172748477,0.48589827014853737,0.43811496816407614
377,Plateau,Jul,1.4752737518235954,1.4819781812875175,1.4565333835331424,1.4783754887963003,1.4842745584378323
378,Plateau,Jun,1.5273277360597102,1.5339692655015889,1.5266486189120019,1.545069671543581,1.537067602968361
379,Plateau,Mar,1.3911640687547409,1.4246595436326082,1.4322767760813702,1.4401715129234753,1.3978287188858158
380,Plateau,May,1.5343099061602077,1.5395118974809012,1.558636012990559,1.5715307498326643,1.5440205333027768
381,Plateau,Nov,0.4862557907055262,0.5060194634140462,0.5160677274953918,0.5350150959164444,0.4889559318630176
382,Plateau,Oct,0.5433453296436649,0.5258294466422642,0.5459259748049552,0.5659259748049552,0.5490158277279561
383,Plateau,Sep,0.48176385929467214,0.48494433919059887,0.4599857477627406,0.4828804846048458,0.49047831785486573
384,Rivers,Apr,0.5017713514971595,0.5338302330161883,0.5085475040373189,0.5246001356162662,0.5156037773894765
385,Rivers,Aug,0.5193952509101217,0.5555018598154176,0.5279501679794701,0.549792273242628,0.5291623410492627
386,Rivers,Dec,0.585622905514866,0.5941997378364497,0.6139721284481297,0.6302879179218138,0.5959354685316033
387,Rivers,Feb,0.5579125643301668,0.574052636079506,0.5926905452626469,0.6050589663152783,0.5719809248867307
388,Rivers,Jan,0.5494695269063211,0.5615500771709143,0.5791345393132691,0.594134539313269,0.5599484541093862
389,Rivers,Jul,0.468475778203407,0.487180015843683,0.45877746293633115,0.4808827260942259,0.4800869901412977
390,Rivers,Jun,1.4650143738411603,1.4842268942590373,1.4555002038006744,1.4765528353796218,1.4780613591204506
391,Rivers,Mar,0.5319357103569962,0.5758910414411383,0.5521074486356954,0.5660548170567481,0.5444251235451391
392,Rivers,May,0.4853999832878386,0.5134117559150093,0.4862247188239494,0.5043826135607915,0.49865971307206935
393,Rivers,Nov,0.5497578158592628,0.5910648466236759,0.5661062551958175,0.5840009920379228,0.562131278250874
394,Rivers,Oct,0.4626034040599883,0.4800660430025898,0.4519876276462492,0.4727771013304598,0.4745725510654329
395,Rivers,Sep,0.46532147387014877,0.4823518286283439,0.4542734132720032,0.4761155185351611,0.4768127019403242
396,Sokoto,Apr,0.30734311734883285,0.3490565796462152,0.3541212288807644,0.35622649203865914,0.31385854384611056
397,Sokoto,Aug,1.4778083789760705,1.4954767779215221,1.4715311163405738,1.4902153268668894,1.484794666534046
398,Sokoto,Dec,0.3555805816750925,0.3793583106938114,0.38170830793864224,0.40433988688601064,0.34329383031393096
399,Sokoto,Feb,0.32026662872986816,0.3477097367361827,0.3482364602565758,0.36902593394078637,0.30828941558205614
400,Sokoto,Jan,0.3690260321087615,0.38875571131811604,0.3904169162670481,0.4177853373196797,0.35181086776111087
401,Sokoto,Jul,0.5064617980603529,0.5092100082261983,0.5289418816440019,0.5415734605913703,0.5129873072355898
402,Sokoto,Jun,0.4378029532624687,0.46077399481874126,0.47523863303261366,0.4823438961905084,0.44487393531530195
403,Sokoto,Mar,0.2534716784995616,0.29415371563047105,0.29459940476311136,0.30223098371047974,0.24813895012690582
404,Sokoto,May,0.33257647916402466,0.37356403684251227,0.38170799281166734,0.38170799281166734,0.34081402705674496
405,Sokoto,Nov,0.35692473936134006,0.38448736029468655,0.3875261498354161,0.40568404457225815,0.35141052278541746
406,Sokoto,Oct,0.4470902415635834,0.4718030062049451,0.48266161416381853,0.4963458246901343,0.44873170153535197
407,Sokoto,Sep,0.5831934754897775,0.6093762184470313,0.6092643909919324,0.6263696541498271,0.5909924268912697
408,Taraba,Apr,0.4408962508990145,0.46671503921377844,0.48199002130517876,0.4880426528841262,0.4492114354120211
409,Taraba,Aug,1.515318124638918,1.5458245494018277,1.520906475167846,1.5403801593783721,1.524963214374752
410,Taraba,Dec,0.3651703761821407,0.39378399777075684,0.39892968139305884,0.4139296813930588,0.3616646290557039
411,Taraba,Feb,0.30024507914189086,0.3368573808082796,0.33847806856333534,0.34900438435280906,0.29948887829494586
412,Taraba,Jan,0.3285081356402053,0.35928922323574886,0.3625305987458603,0.37726744085112346,0.32143412878398425
413,Taraba,Jul,1.5457728187133146,1.5846365758213348,1.5619971885709611,1.5798919254130666,1.555272717886535
414,Taraba,Jun,0.5663883242710793,0.5697705521199603,0.5912446648744488,0.6057183490849751,0.5772019963823921
415,Taraba,Mar,0.3265874994175296,0.36532144939501665,0.37192575199686884,0.3753468046284477,0.3312124237974449
416,Taraba,May,0.4953617470664362,0.5128871710018309,0.5310793910523316,0.5400267594733842,0.5038473288369545
417,Taraba,Nov,0.4189752199689894,0.44623049623544786,0.45405031465359175,0.46773452517990755,0.4231071013966966
418,Taraba,Oct,0.528014650953311,0.5202953464467667,0.5399867026706939,0.5563024921443781,0.5364115051577878
419,Taraba,Sep,0.5259774153469845,0.5504980876959608,0.5278587004455871,0.5470692267613766,0.5358856629775551
420,Yobe,Apr,0.3161419874624357,0.3542088307991803,0.35963813477861706,0.3649012926733538,0.31777538129183674
421,Yobe,Aug,1.469341366656924,1.478625437636796,1.4544771900864655,1.4757929795601497,1.4748455005548873
422,Yobe,Dec,0.4668427620627458,0.4778243969730741,0.48349680411576923,0.5156020672736639,0.45217044909642196
423,Yobe,Feb,0.3982475981024522,0.41609465485477237,0.41779637699758093,0.4470069033133704,0.3834048878786167
424,Yobe,Jan,0.4491981041161715,0.45995872924931713,0.4634837251165634,0.4979574093270897,0.43081637392863364
425,Yobe,Jul,1.515623542949425,1.5231106853129703,1.541829628883864,1.5565664709891271,1.5192775054418628
426,Yobe,Jun,1.4187187764527887,1.448567792328534,1.4605608817159466,1.4687187764527887,1.4224382763519618
427,Yobe,Mar,0.30382098347835385,0.33563627884504393,0.33652765711032456,0.352580288689272,0.2915997695239275
428,Yobe,May,0.35584564411335956,0.391324422836573,0.39958993038735724,0.4048530882820941,0.35862846323011693
429,Yobe,Nov,0.432893217606111,0.4503326560341506,0.45559989123808176,0.4816525228170292,0.42293254005015213
430,Yobe,Oct,0.4449828726072079,0.4675276919989604,0.4775354388864296,0.4941143862548506,0.4433464539744191
431,Yobe,Sep,1.5754729800895926,1.5731833678523475,1.594535929025207,1.612693823762049,1.580878303743555
432,Zamfara,Apr,0.3625010128828923,0.39676801687985114,0.4047904212673771,0.411632526530535,0.36523745168103705
433,Zamfara,Aug,1.518748405088441,1.5433093525504527,1.518310243928718,1.541204980770823,1.5234398751428875
434,Zamfara,Dec,0.4237744607490355,0.4391295062124978,0.44358639753890106,0.47253376595995367,0.409386479301163
435,Zamfara,Feb,0.3715475560628119,0.39273463105895823,0.39451738758951954,0.42030686127373007,0.3576354770146167
436,Zamfara,Jan,0.4245935786457319,0.43790474833849313,0.4415107785934922,0.4733528838566501,0.4063530059496238
437,Zamfara,Jul,0.5551332638533056,0.5564752939656148,0.5725833095631137,0.5907412042999558,0.5588144495762336
438,Zamfara,Jun,0.4947962923201045,0.5037641301142846,0.5211865234811337,0.5348707340074496,0.49777874846045544
439,Zamfara,Mar,0.30742454397385194,0.34134428703659797,0.34328911234266485,0.35618384918477003,0.3000853626873022
440,Zamfara,May,0.3998511693632102,0.43163664139134666,0.4423736977685909,0.44947896092648565,0.4028991629102963
441,Zamfara,Nov,0.4268906918098358,0.4459291323377749,0.45143947070496443,0.4756499970207539,0.41896369039826087
442,Zamfara,Oct,0.5304620789352561,0.5447647073550582,0.559067276793425,0.5795935925828988,0.5290928512683878
443,Zamfara,Sep,0.5502794387106573,0.5799719723345002,0.5562288967229337,0.5780710019860916,0.5544909732942427
